{"controlador.TDA.listas.LinkedList":{"head":{"data":{"@class":"modelo.Antena","nombre":"Telefonica","latitud":-3.989765,"longitud":-79.204181,"fotos":[{"string":["128ffc22-d567-4928-822b-934a9f9eed67png","128ffc22-d567-4928-822b-934a9f9eed67png","128ffc22-d567-4928-822b-934a9f9eed67png"]}]},"next":{"data":{"@class":"modelo.Antena","nombre":"Vodafone","latitud":-3.967261,"longitud":-79.197659,"fotos":[{"string":["818136ca-c077-441f-8b65-6f044a38ea2fpng","818136ca-c077-441f-8b65-6f044a38ea2fpng","818136ca-c077-441f-8b65-6f044a38ea2fpng"]}]},"next":{"data":{"@class":"modelo.Antena","nombre":"Movistar","latitud":-4.002085,"longitud":-79.230726,"fotos":[{"string":["dcc28875-fb6c-44b0-9eac-f3bb5d8134cfpng","dcc28875-fb6c-44b0-9eac-f3bb5d8134cfpng","dcc28875-fb6c-44b0-9eac-f3bb5d8134cfpng"]}]},"next":{"data":{"@class":"modelo.Antena","nombre":"Miio","latitud":-4.032353,"longitud":-79.20314,"fotos":[{"string":["b13ba34e-9701-44a9-94fe-bb163f0d963dpng","b13ba34e-9701-44a9-94fe-bb163f0d963dpng","b13ba34e-9701-44a9-94fe-bb163f0d963dpng"]}]},"next":{"data":{"@class":"modelo.Antena","nombre":"Telcel","latitud":-4.004386,"longitud":-79.189449,"fotos":[{"string":["c44dc9e9-412e-412e-a18c-e6562ff7912bpng","c44dc9e9-412e-412e-a18c-e6562ff7912bpng","c44dc9e9-412e-412e-a18c-e6562ff7912bpng"]}]},"next":{"data":{"@class":"modelo.Antena","nombre":"Antena Aks","latitud":-3.958871,"longitud":-79.280862,"fotos":[{"string":["cc3b834b-8748-43bb-b690-afde66e38f13png","cc3b834b-8748-43bb-b690-afde66e38f13png","cc3b834b-8748-43bb-b690-afde66e38f13png"]}]},"next":{"data":{"@class":"modelo.Antena","nombre":"CLARO","latitud":-3.994677288075001,"longitud":-79.20491649109375,"fotos":[{"string":"e795f757-8f83-4b99-a489-bddb7572dcf4jpeg","null":["",""]}]},"next":{"data":{"@class":"modelo.Antena","nombre":"c","latitud":-3.9974382226505223,"longitud":79.1992566051307,"fotos":[{"string":"29c6f7ce-5975-4491-af23-43117127c32bjpg","null":["",""]}]},"next":{"data":{"@class":"modelo.Antena","nombre":"Tuenti","latitud":-4.021950420961582,"longitud":-79.2225321161441,"fotos":[{"string":"5beb69ec-fd50-4f02-9852-94ef8e7cd425jpg","null":["",""]}]},"next":{"data":{"@class":"modelo.Antena","nombre":"CNT","latitud":-4.007133353804576,"longitud":-79.2150455050067,"fotos":[{"string":["6c8955f2-e07f-49c1-ab36-5e1cadf1a257jpg","6c8955f2-e07f-49c1-ab36-5e1cadf1a257jpg","6c8955f2-e07f-49c1-ab36-5e1cadf1a257jpg"]}]},"next":{"data":{"@class":"modelo.Antena","nombre":"N","latitud":-3.9737898135899865,"longitud":-79.2146870148974,"fotos":[{"string":"0a5ef5a8-591e-46a5-bb26-13454432e6a4jpg","null":["",""]}]}}}}}}}}}}}},"last":{"@reference":"..\/head\/next\/next\/next\/next\/next\/next\/next\/next\/next\/next"},"size":11}}