{"controlador.TDA.listas.LinkedList":{"head":{"data":{"@class":"modelo.Conexion","origen":0,"destino":2,"peso":3.251140968760857},"next":{"data":{"@class":"modelo.Conexion","origen":0,"destino":4,"peso":2.3076519003306957},"next":{"data":{"@class":"modelo.Conexion","origen":1,"destino":4,"peso":4.232017963908662},"next":{"data":{"@class":"modelo.Conexion","origen":1,"destino":3,"peso":7.271370354948837},"next":{"data":{"@class":"modelo.Conexion","origen":1,"destino":2,"peso":5.339575629519233},"next":{"data":{"@class":"modelo.Conexion","origen":2,"destino":3,"peso":4.55367814657097},"next":{"data":{"@class":"modelo.Conexion","origen":2,"destino":1,"peso":5.339575629519233},"next":{"data":{"@class":"modelo.Conexion","origen":2,"destino":0,"peso":3.251140968760857},"next":{"data":{"@class":"modelo.Conexion","origen":2,"destino":4,"peso":4.5907762324534955},"next":{"data":{"@class":"modelo.Conexion","origen":3,"destino":2,"peso":4.55367814657097},"next":{"data":{"@class":"modelo.Conexion","origen":3,"destino":1,"peso":7.271370354948837},"next":{"data":{"@class":"modelo.Conexion","origen":3,"destino":4,"peso":3.464584615156527},"next":{"data":{"@class":"modelo.Conexion","origen":3,"destino":0,"peso":4.742181772729417},"next":{"data":{"@class":"modelo.Conexion","origen":4,"destino":2,"peso":4.5907762324534955},"next":{"data":{"@class":"modelo.Conexion","origen":4,"destino":1,"peso":4.232017963908662},"next":{"data":{"@class":"modelo.Conexion","origen":4,"destino":0,"peso":2.3076519003306957},"next":{"data":{"@class":"modelo.Conexion","origen":4,"destino":3,"peso":3.464584615156527},"next":{"data":{"@class":"modelo.Conexion","origen":5,"destino":4,"peso":11.34542533662795},"next":{"data":{"@class":"modelo.Conexion","origen":5,"destino":0,"peso":9.183605892752919},"next":{"data":{"@class":"modelo.Conexion","origen":6,"destino":3,"peso":4.198587837174077},"next":{"data":{"@class":"modelo.Conexion","origen":6,"destino":1,"peso":3.156522252374893},"next":{"data":{"@class":"modelo.Conexion","origen":7,"destino":3,"peso":17473.958657767664},"next":{"data":{"@class":"modelo.Conexion","origen":7,"destino":1,"peso":17475.87466679091},"next":{"data":{"@class":"modelo.Conexion","origen":7,"destino":5,"peso":17484.875359801717},"next":{"data":{"@class":"modelo.Conexion","origen":7,"destino":6,"peso":17475.58607255859},"next":{"data":{"@class":"modelo.Conexion","origen":8,"destino":0,"peso":4.121772182640736},"next":{"data":{"@class":"modelo.Conexion","origen":8,"destino":7,"peso":17476.37911033206},"next":{"data":{"@class":"modelo.Conexion","origen":8,"destino":1,"peso":6.685147739967686},"next":{"data":{"@class":"modelo.Conexion","origen":9,"destino":0,"peso":2.2789393344608895},"next":{"data":{"@class":"modelo.Conexion","origen":9,"destino":7,"peso":17476.166130533235},"next":{"data":{"@class":"modelo.Conexion","origen":9,"destino":1,"peso":4.840225189940778},"next":{"data":{"@class":"modelo.Conexion","origen":10,"destino":0,"peso":2.126857949854676},"next":{"data":{"@class":"modelo.Conexion","origen":10,"destino":9,"peso":3.71191966844657}}}}}}}}}}}}}}}}}}}}}}}}}}}}}}}}}},"last":{"@reference":"..\/head\/next\/next\/next\/next\/next\/next\/next\/next\/next\/next\/next\/next\/next\/next\/next\/next\/next\/next\/next\/next\/next\/next\/next\/next\/next\/next\/next\/next\/next\/next\/next\/next"},"size":33}}