{"controlador.TDA.grafos.GrafoEtiquetadoNoDirigido":{"nro_vertices":2,"nro_aristas":1,"listaAdycente":[{"null":"","controlador.TDA.listas.LinkedList":[{"head":{"data":{"@class":"controlador.TDA.grafos.Adycencia","peso":3596.5022601959586,"d":2}},"last":{"@reference":"..\/head"},"size":1},{"head":{"data":{"@class":"controlador.TDA.grafos.Adycencia","peso":3596.5022601959586,"d":1}},"last":{"@reference":"..\/head"},"size":1}]}],"etiqueta":[{"@class":"modelo.EjemploGrafo.Escuela-array","null":"","modelo.EjemploGrafo.Escuela":[{"id":1,"nombre":"No se ","logo":"20804041-8f04-42a0-a6c2-edf98c7d55fdjpeg","foto":"037fbdd1-2a6f-47f4-9f30-196b2055024fpng","latitud":2,"longitud":1},{"id":2,"nombre":"Si","logo":"65046348-9329-4da3-8a28-de51277e1517png","foto":"347ad492-da24-4107-9f69-472b3ec11bcbjpeg","latitud":12,"longitud":32}]}],"dicVertices":[{"entry":[{"modelo.EjemploGrafo.Escuela":{"@reference":"..\/..\/..\/etiqueta\/modelo.EjemploGrafo.Escuela"},"int":1},{"modelo.EjemploGrafo.Escuela":{"@reference":"..\/..\/..\/etiqueta\/modelo.EjemploGrafo.Escuela[2]"},"int":2}]}],"clazz":"modelo.EjemploGrafo.Escuela"}}