{"controlador.TDA.listas.LinkedList":{"head":{"data":{"@class":"modelo.Llanta","id":1,"precio":450,"codigo":"0000000001","aro":20,"presion":550,"stock":10,"descripcion":"Es buena llanata","id_marca":2},"next":{"data":{"@class":"modelo.Llanta","id":2,"precio":90,"codigo":"0000000002","aro":12,"presion":225,"stock":12,"descripcion":"Solo para teastear","id_marca":1},"next":{"data":{"@class":"modelo.Llanta","id":3,"precio":500,"codigo":"0000000003","aro":15,"presion":678,"stock":10,"descripcion":"Mejores llanatas caras","id_marca":4},"next":{"data":{"@class":"modelo.Llanta","id":4,"precio":55,"codigo":"0000000004","aro":15,"presion":300,"stock":17,"descripcion":"Llanta solo para repuesto","id_marca":1}}}}},"last":{"@reference":"..\/head\/next\/next\/next"},"size":4}}