{
    "controlador.TDA.listas.LinkedList": {
        "head": {
            "data": {
                "@class": "modelo.Marca",
                "id": 1,
                "nombre": "Bridegstone",
                "estado": true
            },
            "next": {
                "data": {
                    "@class": "modelo.Marca",
                    "id": 2,
                    "nombre": "Triangule",
                    "estado": true
                },
                "next": {
                    "data": {
                        "@class": "modelo.Marca",
                        "id": 3,
                        "nombre": "General Tire",
                        "estado": true
                    },
                    "next": {
                        "data": {
                            "@class": "modelo.Marca",
                            "id": 4,
                            "nombre": "Ferrari",
                            "estado": true
                        }
                    }
                }
            }
        },
        "last": {
            "@reference": "..\/head\/next\/next\/next"
        },
        "size": 4
    }
}